时间,UID,用户名,注册时间,用户等级,牌子,用户直播间等级,SC内容,金额,删除
2022/5/21 20:15,15374066,啵啵天狼星,,,蕾丝(15),12,OP，超好听！,50,
2022/5/21 20:16,299727433,次元境界,,,嘉心糖(25),18,结界好美啊,30,
2022/5/21 20:16,448758854,乃琳爱你呦,,,奶淇琳(22),11,乃宝，今天521，我要和乃琳结婚！！！我要和乃琳结婚！！！我要和乃琳结婚！！！我要和乃琳结婚！！！,50,
2022/5/21 20:18,63730,豆子_DD,,,雏草姬(3),15,长枪？新装备，好耶,50,
2022/5/21 20:18,19826160,老贝比拉,,,顶碗人(21),19,好！,52,
2022/5/21 20:18,12235630,゛薛定谔的喵,,,嘉心糖(28),22,嘉人们，晚上好！,50,
2022/5/21 20:18,45309434,MaloolaM丶,,,奶淇琳(23),10,这下不得不进宫了,50,
2022/5/21 20:19,299727433,次元境界,,,嘉心糖(25),18,嗨呀，是我吗？,30,
2022/5/21 20:19,7949054,高调奢华美男子,,,顶碗人(23),40,绷不住惹,100,
2022/5/21 20:19,35586962,南方普洱茶,,,贝极星(24),20,贝极派集合,50,
2022/5/21 20:19,305966205,万月印,,,嘉心糖(24),12,以后我是嘉人门大师兄，别和我抢,50,
2022/5/21 20:19,477603043,回旋枸,,,贝极星(21),1,乃宝想笑就笑吧,30,
2022/5/21 20:19,1749744666,茨木ツバサ,,,顶碗人(2),2,宝贝们晚上好！521快乐。,30,
2022/5/21 20:20,629687529,jhinsokon,,,嘉心糖(7),6,RNG加油！！！！！！！！！！！！！！！！！！！！！！！！！,50,
2022/5/21 20:21,4599697,雪色幻想,,,顶碗人(23),16,夸夸驼子，小剧场真好看！晚晚我爱你！！！！！！！！！！！！！！！！！！！,30,
2022/5/21 20:21,3278213,提拉kira,,,贝极星(27),21,77777，好棒,50,
2022/5/21 20:23,34339343,枝江火警,,,嘉心糖(22),13,   ,30,
2022/5/21 20:23,299727433,次元境界,,,嘉心糖(25),18,然宝，mua你一口,30,
2022/5/21 20:23,11650527,我不背锅QAQ,,,嘉心糖(8),27,晚上好！！！！！,50,
2022/5/21 20:23,13791239,量子霍爾效應,,,贝极星(23),14,小垚妞，521快乐～,50,
2022/5/21 20:23,8063266,凉宫春日的恍惚,,,顶碗人(24),20,舞琳大会！看来乃琳要狠狠地被其他三个拿捏了！,50,
2022/5/21 20:23,355861815,Pepper_pp,,,顶碗人(21),2,顶碗帮集合,50,
2022/5/21 20:23,24566370,寒溪雁度,,,顶碗人(22),11,兄弟们憋吵辣，看姑娘们直播吧,30,
2022/5/21 20:23,583407426,史诗王陆,,,贝极星(21),13,rng加油！,30,
2022/5/21 20:24,1524292644,xxback233,,,顶碗人(21),10,什么叫做顶级！！！,30,
2022/5/21 20:24,21329357,库玛Higuma,,,顶碗人(24),12,金色的雨！,30,
2022/5/21 20:24,178490209,--小武--,,,顶碗人(25),12,我还是要和向晚结婚！我还是要和向晚结婚！我还是要和向晚结婚！我还是要和向晚结婚！我还是要和向晚结婚！我还是要和向晚结婚！,100,
2022/5/21 20:25,8963892,给我嘉晚饭呗,,,顶碗人(21),10,今天是521！！也是晚晚首播至今第521天！！要天天快乐哦！爱你！,30,
2022/5/21 20:25,165364,犬になりたい人生,,,顶碗人(25),20,压向帮主获胜（辣条*1）,30,
2022/5/21 20:26,5547191,枝江彩绘,,,顶碗人(26),24, ,100,
2022/5/21 20:26,5242923,迷人反派贝拉拉,,,顶碗人(24),22,剑来,100,
2022/5/21 20:26,13199360,正则化右倾,,,顶碗人(24),18,晚上好,100,
2022/5/21 20:26,21404682,恣耳,,,顶碗人(25),27,晚晚的麦有点闷,30,
2022/5/21 20:26,17545630,水晶插头,,,顶碗人(24),18,好好好,500,
2022/5/21 20:27,10270117,释明空乃琳,,,顶碗人(23),15,521快乐！四个人都很可爱！,100,
2022/5/21 20:27,7328436,Yukiago,,,贝极星(22),12,~,200,
2022/5/21 20:27,12187020,我一直都是顶碗人啊,,,顶碗人(27),21,顶碗帮最强！顶碗帮最强！顶碗帮最强！,30,
2022/5/21 20:27,23544556,上弦月华奏,,,顶碗人(23),23,我是少帮主我好有面子,30,
2022/5/21 20:27,74109384,叔叔我啊最讨厌鸽王了,,,衿粒惹(1),1,晚帮主绝招是大头神功吗,50,
2022/5/21 20:27,3278213,提拉kira,,,贝极星(27),21,压我们贝掌门，必不可能是亚军！,100,
2022/5/21 20:29,3278213,提拉kira,,,贝极星(27),21,晚帮主赛高！,50,
2022/5/21 20:29,399382649,嘉然今天吃嘉然1234,,,贝极星(8),2, ,30,
2022/5/21 20:29,5526676,镜花泉ver,,,顶碗人(24),20,顶碗帮在这！,100,
2022/5/21 20:29,7663163,北雁时,,,音乐珈(12),15,帮主加油！又高又硬！,30,
2022/5/21 20:30,2796931,天天打豆豆,,,顶碗人(5),15,晚晚唱得好捏，要继续加油捏,30,
2022/5/21 20:30,9015961,1222car11,,,顶碗人(21),20,顶碗帮在此！！,50,
2022/5/21 20:30,14853883,dadiaoche,,,棺人痴(27),22,好好好,30,
2022/5/21 20:32,407767605,土壁虎,,,顶碗人(22),2,碗帮主加油！奥利给！！！,100,
2022/5/21 20:32,23750177,柬埔寨之王,,,顶碗人(25),12,天道酬勤！,50,
2022/5/21 20:32,21329357,库玛Higuma,,,顶碗人(24),12,晚晚帅帅帅稳稳稳！！！,50,
2022/5/21 20:32,291056,北海水獭,,,弥人(21),20,这歌真是听一次emo一次,50,
2022/5/21 20:32,299727433,次元境界,,,嘉心糖(25),18,我一直在这里，只要你们还在,100,
2022/5/21 20:32,11401597,仿生人能去虚拟枝江吗,,,贝极星(22),10,好帅的声线，晚晚我爱你,30,
2022/5/21 20:32,509536176,Chenonyi,,,顶碗人(10),4,晚晚进步越来越大了，天生偶像王向晚 ! ! (♡⌂♡),30,
2022/5/21 20:33,369379760,Yeemaa,,,顶碗人(6),2,好好好,30,
2022/5/21 20:33,3278213,提拉kira,,,贝极星(27),21,我爱你，晚比,50,
2022/5/21 20:33,14036521,天生偶像王向晚,,,贝极星(23),20,我要当帮主夫人，帮主你带我走吧,50,
2022/5/21 20:34,404425694,犯二雅士,,,贝极星(11),1,贝极派掌门最勇敢，适合当盟主！,30,
2022/5/21 20:36,11401597,仿生人能去虚拟枝江吗,,,贝极星(22),10,天下无双！！！！！,50,
2022/5/21 20:36,429080,桐谷诗乃,,,顶碗人(23),20,贝拉你使我疯狂!,30,
2022/5/21 20:36,26087317,小伞奈奈良,,,顶碗人(24),16,6666,50,
2022/5/21 20:36,6462210,kuma熊sama,,,贝极星(22),11,贝拉最强！,30,
2022/5/21 20:36,3874017,INNOMAGA,,,顶碗人(23),16,晚上好，姑娘们！（）,30,
2022/5/21 20:36,6190457,一堵百合墙,,,顶碗人(5),11,拉宝！！！飞飞飞！！！唱到我心坎里了！！！,50,
2022/5/21 20:36,369379760,Yeemaa,,,顶碗人(6),2,经典曲目，完美演绎！,30,
2022/5/21 20:37,13421217,逆天之烛火,,,贝极星(22),19,我宣布武林萌主就是贝拉,30,
2022/5/21 20:37,4801462,遇雨迷樱,,,贝极星(24),20,贝盟主这是几成功力?,30,
2022/5/21 20:37,626026,神田空太❤,,,顶碗人(25),20,贝拉啊啊啊啊啊啊啊啊啊啊啊啊,100,
2022/5/21 20:39,3000137,普通用户0101,,,宠萋狂(24),17,老公好棒！！！！开开心心保重身体！！！还有坨子你对得起我老公嘛？,50,
2022/5/21 20:39,207522193,叶若团子,,,顶碗人(7),10,盟主在上！,50,
2022/5/21 20:39,7890681,枝江一个Tun儿,,,嘉心糖(24),17,贝盟主武功盖世，天下无双！,100,
2022/5/21 20:39,16305720,半夜三点零一,,,育雏士(26),16,太强了拉姐,30,
2022/5/21 20:39,690189671,南天星的疆与界,,,顶碗人(5),11,拉姐！听你唱歌好爽！！！,50,
2022/5/21 20:39,629687529,jhinsokon,,,嘉心糖(7),6,我宣布冠军已经诞生了！！！！！！！！！！！！！！！！！！！！！！！！！！！！！！！！！！！！！！！！！！！！！！！！！,100,
2022/5/21 20:39,3278213,提拉kira,,,贝极星(27),21,老公啊啊啊啊啊啊啊啊啊啊,100,
2022/5/21 20:39,1247513872,NextClown,,,贝极星(24),11,贝姑姑，我是过儿啊,50,
2022/5/21 20:39,207168,基友king,,,嘉心糖(22),20,晚盟主！原友的选择！晚盟主！原友的选择！晚盟主！原友的选择！,30,
2022/5/21 20:40,23643593,来自iphone13mini,,,奶淇琳(23),10,vocal担当贝拉拉！,30,
2022/5/21 20:41,267710,嘉晚大魔王,,,嘉晚饭(17),13,然少主！！！！！！,30,
2022/5/21 20:41,5547191,枝江彩绘,,,顶碗人(26),24,好好好,1000,
2022/5/21 20:41,82299,小仓今天也,,,顶碗人(23),14,贝拉厉害了！,50,
2022/5/21 20:41,26114356,澪zore,,,贝极星(22),13,vocal担当绵绵兔！,30,
2022/5/21 20:41,12235630,゛薛定谔的喵,,,嘉心糖(28),22,“宝宝”咋们回嘉！,50,
2022/5/21 20:41,2696152,吴冠超official,,,嘉心糖(25),20,硬实力冠军-贝拉,521,
2022/5/21 20:42,629687529,jhinsokon,,,嘉心糖(7),7,喜报！RNG先下一城！！！！！！！！！！！！！！！！！！！！！！！！！！！！！！！！！！！,100,
2022/5/21 20:42,1554150052,魔法少女贝拉拉kira,,,贝极星(24),12,我要和贝拉结婚！我要和贝拉结婚！我要和贝拉结婚！,30,
2022/5/21 20:43,1524292644,xxback233,,,顶碗人(22),10,A-SOUL的高音王后·初始牛圣·大聪明——贝拉，终将降临于属于她的枝江,50,
2022/5/21 20:43,5932594,白色羽毛与歌丶,,,奶淇琳(15),22,乃琳学姐，请和我交往！！！,50,
2022/5/21 20:43,142197,拉基DD,,,顶碗人(23),23,宫主娶我好不好！,100,
2022/5/21 20:45,611478349,A-soul从入门到精通,,,嘉心糖(23),8,陌上人如玉，宫主世无双,50,
2022/5/21 20:45,3278213,提拉kira,,,贝极星(27),21,好好好，芜湖飞起来了,50,
2022/5/21 20:45,23379062,12莫名其妙34,,,,21,虽然我是贝极派小弟子，但是四位高人芳华绝代，聘婷婉约，真令我难以抉择！,1000,
2022/5/21 20:45,1623625258,衿粒惹冲呀,,,顶碗人(1),0,好好好，奕米伍太帅了,30,22秒后被删除
2022/5/21 20:46,477603043,回旋枸,,,贝极星(21),2,不比武了，我们结婚,100,
2022/5/21 20:46,34871574,你就说是不是吧,,,贝极星(11),10,药膳来了，宫主吃我！,50,
2022/5/21 20:47,58458687,emmm__NO,,,顶碗人(11),12,我，乃宫主的药渣罢了。,100,
2022/5/21 20:48,217068127,乃琳今天川酷子了吗,,,奶淇琳(17),3,不比武了，我们成亲,30,
2022/5/21 20:48,299727433,次元境界,,,嘉心糖(25),18,1234,30,
2022/5/21 20:48,2093075437,羊驼提不起勁,,,杉茶花(3),10,乃宝你唱得真好，你做歌担吧，其他人好像，呃呃,50,24秒后被删除
2022/5/21 20:48,2100557,delyc,,,,10,贝拉！！！,50,
2022/5/21 20:49,1504347138,圣33冰清玉洁,,,贝极星(4),3,顶碗帮最强！,30,
2022/5/21 20:49,3278213,提拉kira,,,贝极星(27),21,哇哦，这就加入贝极派,50,
2022/5/21 20:52,4262960,骑着闰土的迅哥儿,,,顶碗人(4),2,乃宝不哭，你可以做盟主夫人哦,30,
2022/5/21 20:54,1352457979,マリン马琳,,,顶碗人(26),20,倚天屠龙记之魔教教主-至今还是没在大都见,50,
2022/5/21 20:54,23161269,nino_璋饬,,,中单(25),20,乃老师触发被动了,50,
2022/5/21 20:57,1679391730,别想太多简简单单,,,贝极星(27),20,拉姐，唱得真好,100,
2022/5/21 20:57,321527328,_船底星_,,,顶碗人(10),11,大聪明是最聪明的！！！,52,
2022/5/21 20:58,131246,谭绿茶,,,贝极星(2),0,贝拉：《施舍》,30,9秒后被删除
2022/5/21 21:00,31443733,HoratioNelson1st,,,毒奶橙(5),4,A-SOUL的好姑娘们，今天我毕业季加过生日，好开心，也祝你们永远幸福快乐平安！,30,
2022/5/21 21:00,3574099,KIVATO,,,玉守(3),15,永远喜欢你们,50,
2022/5/21 21:01,928131,贝贝珈乐,,,贝极星(25),26,晚晚注意米线,50,
2022/5/21 21:02,396806328,小煮最可爱,,,奶淇琳(22),10,521快乐呀！,100,
2022/5/21 21:02,1586773071,polaris_kira,,,贝极星(21),2,有挂！,30,
2022/5/21 21:02,299727433,次元境界,,,嘉心糖(25),18,嗨慕,30,
2022/5/21 21:03,244482211,homura_焰,,,嘉心糖(12),2,晚晚，你知道为什么一朵花很好笑吗？因为她有梗！！！,30,
2022/5/21 21:03,516227724,就看看Zaire,,,顶碗人(3),4,完啦，贝掌门要三连亚了,30,
2022/5/21 21:06,1888767,じ瑕在瑾中,,,小莫il(21),14,加油女孩们,50,
2022/5/21 21:07,1865915392,坠落-轨迹,,,顶碗人(22),2,顶碗人们在哪里，不要再团推偏晚了好吗，给wei粉一个家,100,
2022/5/21 21:07,158423687,还差少多,,,贝极星(25),16,乃宝跟大家要注意嗓子的啦,30,
2022/5/21 21:09,249727583,大星星看小世界,,,奶淇琳(5),11,太哈人了吧，哈哈哈哈,30,
2022/5/21 21:09,8958195,神教宗善德,,,嘉心糖(15),21,晚晚的剑眉，强而有力，强而有力呀!,30,
2022/5/21 21:09,299727433,次元境界,,,嘉心糖(25),18,然然，我的然然,30,
2022/5/21 21:10,279874804,xiaoxXxX0,,,顶碗人(21),8,小鱼人是吧,30,
2022/5/21 21:10,477603043,回旋枸,,,贝极星(21),3,不去鸟巢了，我们去欢乐喜剧人,50,
2022/5/21 21:11,15243738,ckeleshi,,,套盾构(26),30,？？？？？？？,1000,
2022/5/21 21:11,35586962,南方普洱茶,,,贝极星(24),20,我汗流下来了,100,
2022/5/21 21:11,1865915392,坠落-轨迹,,,顶碗人(22),3,晚晚太善良了，请你们不要再套团推偏晚的盾伤害她,100,
2022/5/21 21:12,12187020,我一直都是顶碗人啊,,,顶碗人(27),21,晚帮主 和兄弟们玩尬的是吧,30,
2022/5/21 21:13,299727433,次元境界,,,嘉心糖(25),18,晚大侠，摇了我吧,30,
2022/5/21 21:13,108911699,多肉植物星,,,嘉心糖(21),20,晚来天欲雪,30,
2022/5/21 21:14,39143766,散失否决の水猴,,,黯灭头(3),15,嘿，姐们在这给你说唱～,111,
2022/5/21 21:14,111809,llssjj,,,贝极星(6),16,然比！！,100,
2022/5/21 21:14,1953956142,文靜模仿者,,,贝极星(22),10,不去鸟巢了，我们去百老汇！,50,
2022/5/21 21:14,26117545,袁碧浪cracy,,,嘉心糖(21),7,然然怎么还请外援啊，正义的二打一？,30,
2022/5/21 21:14,323242992,还似此间年少,,,顶碗人(23),14,顶碗帮全麻,100,
2022/5/21 21:14,23379062,12莫名其妙34,,,,14,原来这就是那个雪诶诶诶诶，哪里的神曲，哈哈哈哈,500,
2022/5/21 21:16,480528,Faceless_Akari,,,顶碗人(26),24,早知道，还是琳嘉,100,
2022/5/21 21:17,31949306,雨中海绵,,,奶淇琳(23),7,什么小缇娜哈哈哈,30,
2022/5/21 21:18,299727433,次元境界,,,嘉心糖(25),18,嘉晚饭，天下第一,30,
2022/5/21 21:18,181481,碱式磷酸钙,,,嘉心糖(26),17,是我最喜欢的父母爱情故事,30,
2022/5/21 21:19,37991420,耶洛尼穆斯Hieronymus,,,嘉心糖(26),26,随个礼,50,
2022/5/21 21:19,1352457979,マリン马琳,,,顶碗人(26),20,早知道,200,
2022/5/21 21:19,38401501,混沌咕哒丸,,,顶碗人(22),12,赢,30,
2022/5/21 21:20,1446674,GNK48-土拨鼠,,,顶碗人(22),13,嘉晚饭，赢！,30,
2022/5/21 21:20,53615515,赏味rights,,,嘉心糖(22),17,我出生了？我又出生了！,30,
2022/5/21 21:20,150793,小敬,,,嘉心糖(24),16,衿儿!!!!,30,
2022/5/21 21:20,27543674,磕的就是嘉晚饭,,,顶碗人(3),10,琳嘉女孩还能说话吗？嘉晚饭赢太多了,30,
2022/5/21 21:20,1586773071,polaris_kira,,,贝极星(21),2,晚晚刚才笑嘻了吧,30,
2022/5/21 21:20,22384985,MosTimeBlackhole,,,伯爵(6),2,随五十，囍囍囍囍,50,
2022/5/21 21:21,12235630,゛薛定谔的喵,,,嘉心糖(28),22,把礼钱还回来~,30,
2022/5/21 21:21,61433497,抗病毒小绵羊,,,奶淇琳(24),17,晚上好!今天521，永远爱你们＾3＾,100,
2022/5/21 21:22,1649990,BaiKarin,,,,17,别刀了，别刀了，孩子被刀惨了TAT,30,
2022/5/21 21:22,540865,八月の凶,,,顶碗人(24),20,有点麻,50,
2022/5/21 21:23,17545630,水晶插头,,,顶碗人(24),18,好好好好，521快乐~~~~~,500,
2022/5/21 21:23,15374066,啵啵天狼星,,,蕾丝(15),12,好的小剧场，欣欣向荣。,100,
2022/5/21 21:23,4443897,流云斩墨,,,瞳星结(6),21,枝江之空,100,
2022/5/21 21:24,5684517,Elrond1011,,,顶碗人(22),10,拉姐今晚神中神,30,
2022/5/21 21:25,289225411,今天去未来,,,别急(2),22,呃，奶宝？,30,
2022/5/21 21:25,96255801,-云月阁主-,,,贝极星(10),7,贝掌门娶我,30,
2022/5/21 21:25,7173021,小精豆晚大林,,,顶碗人(24),20,绷不住了,250,
2022/5/21 21:26,388648751,在下是妙蛙种子啦,,,贝极星(23),12,枝江麻药师向晚,30,
2022/5/21 21:27,388135,AKSN_,,,奶淇琳(25),21,哪个小天才想的台本，出来挨夸,50,
2022/5/21 21:28,12187020,我一直都是顶碗人啊,,,顶碗人(27),21,哈哈哈有周星驰那味了,30,
2022/5/21 21:28,8236427,苏苏苏777,,,顶碗人(1),20,头皮发麻，编剧喝大了写的吧,50,
2022/5/21 21:28,516227724,就看看Zaire,,,顶碗人(4),5,晚子怎么这么像果宝特攻里的陆小果啊，笑死,30,
2022/5/21 21:28,30570,肉丸丸粑粑,,,奶淇琳(24),19,小剧场有意思,50,
2022/5/21 21:28,4599697,雪色幻想,,,顶碗人(23),16,蚌埠住了，但是四人请继续加油！！！！！！新航路已经开启！！！！！,30,
2022/5/21 21:28,6540755,一只然比,,,嘉心糖(21),14,赢,30,
2022/5/21 21:28,2071726,乃王木木的甜蜜筹码,,,顶碗人(24),19,嗨起来！！！！！！！,30,
2022/5/21 21:29,279874804,xiaoxXxX0,,,顶碗人(21),8,爱你们,50,
2022/5/21 21:29,15383491,猫丘皮蛋,,,坏心眼(27),23,笑到我卡痰 哈哈哈哈哈哈哈哈哈哈哈,30,
2022/5/21 21:29,20758121,氧气枪,,,明白人(1),6,今晚这b活是真拉满了,30,
2022/5/21 21:29,3315451,暴打凶凶,,,音乐珈(24),18,段誉 木婉清 秦红棉 刀白凤齐活了，段正淳呢？,50,
2022/5/21 21:29,1586773071,polaris_kira,,,贝极星(21),3,剧情满分，演技满分，唱歌满分，舞蹈满分！,30,
2022/5/21 21:29,23151373,jkdjkdasd,,,德云色(21),14,～,521,
2022/5/21 21:29,286300683,bagoe,,,顶碗人(8),5,《剑眉星目小向晚》,30,
2022/5/21 21:29,8047250,嘉然今晚吃煎饼狗子,,,嘉心糖(26),18,今晚太欢乐了哈哈哈,50,
2022/5/21 21:30,1865915392,坠落-轨迹,,,顶碗人(22),4,晚晚这里前面等级高的都成了三sheng的粉丝，这就是顶碗人,100,54秒后被删除
2022/5/21 21:30,3278213,提拉kira,,,贝极星(27),21,拜托美女们不要搞笑，我笑的肚子疼了，哈哈哈哈，好久没看到这么开心的团播了,100,
2022/5/21 21:30,222641849,VJOKERZJX,,,顶碗人(25),21,今天的台本好棒！！！！！笑累了能让我休息一下嘛？,100,
2022/5/21 21:31,43824122,土豆片烤脆点,,,,21,辛苦姑娘们了，歇一歇，歇一歇，喝口水,30,
2022/5/21 21:32,91789567,神经蛙导,,,顶碗人(22),10,一百昏，今天很开心,100,
2022/5/21 21:33,256323535,bumbleby天下第一,,,,10,这台本怎么这么潮，是不是憨次方写的,30,
2022/5/21 21:33,11774,PAPAPA,,,嘉心糖(26),17,恐怕连科幻小说作家都不敢轻易采用这种设定,100,
2022/5/21 21:35,13415572,喜欢就坚持啦,,,顶碗人(23),20,乃奶奶,500,
2022/5/21 21:35,1779814109,我永不会忘记,,,瞳星结(4),6,别让这个编剧跑了！！！绑起来！！！,30,
2022/5/21 21:36,600369815,爆裂艾丝缇,,,嘉心糖(23),13,答完辩过来看直播了，答辩过程非常顺利，老师没有问什么难的问题，非常感谢答辩老师,30,
2022/5/21 21:38,87615461,公主与小丑的十字路口,,,小逝姬(16),41,大家注意身体，不要勉强自己。适当放松身心，才能休养生息。,50,
2022/5/21 21:42,11177027,爱拉姐的贝极星,,,嘉心糖(22),12,留下来的就好好看直播吧,30,
2022/5/21 21:43,25992548,心飞飞飞飞,,,鸽子花(10),23,521快乐！,1000,
2022/5/21 21:43,57568655,枝江保护动物饲养员,,,顶碗人(13),6,喜欢晚晚就是我永远的明镜止水之心,30,
2022/5/21 21:47,178845882,成步堂咲川,,,顶碗人(22),11,笑嘻了,50,
2022/5/21 21:50,2608750,我不加碗饭我干什么,,,顶碗人(7),16,太北鼻了阿草！,30,
2022/5/21 21:50,1865915392,坠落-轨迹,,,顶碗人(23),5,明明是受伤最深最久的人，却得不到任何偏爱呢，搞笑的调剂品，粉丝浓度低了也是命中注定吧,50,
2022/5/21 21:51,355661267,初笠ミカサ,,,顶碗人(21),5,阿草？定要他有来无回！,30,
2022/5/21 21:51,23379062,12莫名其妙34,,,,5,抓他,500,
2022/5/21 21:53,644774,乃王木木不犯困,,,奶淇琳(27),21,随两百,200,
2022/5/21 21:53,393460034,加碗奶乐贝,,,顶碗人(4),2,神回！！！！！,52,
2022/5/21 21:53,71271,PassioneRagazza,,,奶淇琳(23),11,好好好,30,
2022/5/21 21:54,67118163,_BinYeah_,,,顶碗人(24),11,我永远爱你们，不管前面有多大的阻碍,100,
2022/5/21 21:55,1865915392,坠落-轨迹,,,顶碗人(23),5,人们总是对真正单纯善良的人多有苛刻吧，如果回到728那一天，晚晚一样会得到一片骂声而不是拥护,50,24秒后被删除
2022/5/21 21:56,2720986,糖梨煮酒,,,顶碗人(6),18,好好好！,50,
2022/5/21 21:56,1679391730,别想太多简简单单,,,贝极星(27),20,拉姐帅帅帅,100,
2022/5/21 21:56,4885909,Etafer,,,贝极星(2),5,贝盟主职业生涯多次遭遇逆转，今日仍未卫冕成功，请问是否被钉在历史的耻辱柱上？,30,
2022/5/21 21:56,2051117490,闪光的海,,,顶碗人(1),0,欢迎来“新asoul吧”，一个魂的新家！让我们猎尽3/，共赴梦想~！,30,285秒后被删除
2022/5/21 21:57,1590163,油炸甜面酱,,,,0, ,100,
2022/5/21 21:57,32090391,水星星水胆大清纯,,,粉丝团(21),13,乃贝赢！！！！！,100,
2022/5/21 21:57,10654607,白三Errr,,,奶淇琳(23),16,随100,100,
2022/5/21 21:57,644774,乃王木木不犯困,,,奶淇琳(27),21,好好好,521,
2022/5/21 21:57,480528,Faceless_Akari,,,顶碗人(26),24,随100,100,
2022/5/21 21:57,80031593,老铅Sameker,,,顶碗人(8),11,神中神！！,50,
2022/5/21 21:58,11341327,夕顔と白詰草,,,顶碗人(23),19,今晚台本写的真好，奖励工具人一个鸡腿,100,
2022/5/21 21:58,4306790,ながと_ゆき,,,贝极星(24),11,随二百,200,
2022/5/21 21:58,8940417,萌娘阳炎,,,奶淇琳(22),4,这是我给乃贝的份子钱,50,
2022/5/21 21:58,10345762,从今天开始自闭,,,贝极星(23),11,神中神！！！！！！！！！！,100,
2022/5/21 21:58,142197,拉基DD,,,顶碗人(23),23,乃宝出息了！！！能抱动拉姐了！！！！,500,
2022/5/21 21:58,5540316,乘舟向山行x,,,奶淇琳(23),12,乃贝我的乃贝！,30,
2022/5/21 21:58,41743563,派克托胆大清纯,,,囧菌菌(10),12,爸爸妈妈终于跳山鬼了。不当盟主了，我们联姻！,30,
2022/5/21 21:59,503655684,请叫我贝极星,,,贝极星(21),3,拉姐，一个魂们永远支持你,50,
2022/5/21 21:59,33254829,乃琳我老公,,,奶淇琳(25),14,随！,100,
2022/5/21 21:59,178525375,独秀゚,,,顶碗人(6),3,我的热情无穷无尽！,30,
2022/5/21 21:59,400678359,给你愉悦抬走,,,奶淇琳(14),8,美美美，不过下次能不能两个红色力量型复刻一下,50,
2022/5/21 21:59,6209294,fxy235,,,贝极星(22),13,好好好,30,
2022/5/21 21:59,3278213,提拉kira,,,贝极星(27),21,乃贝啊啊啊啊,50,
2022/5/21 21:59,7896028,乃的贝包,,,顶碗人(12),18,好好好!,100,
2022/5/21 21:59,4464996,鹿原白茶,,,,18,随200,200,
2022/5/21 22:00,10927590,时间回忆归于0,,,奶淇琳(26),20,随一个！祝福,100,
2022/5/21 22:00,640410,ah_qi,,,顶碗人(22),10,好好好，找到入坑时的感觉了，好久没看的这么开心了,100,
2022/5/21 22:01,20688340,鱼总的深海水母,,,顶碗人(22),22,啊啊啊啊啊啊啊不要跟那个女人跳啊,30,
2022/5/21 22:01,1554,醒了就睡觉,,,加九锡(10),20,我的热情无穷无尽！,100,
2022/5/21 22:01,2720986,糖梨煮酒,,,顶碗人(7),18,神中神！我永远喜欢你们！,100,
2022/5/21 22:01,336146370,灯渡伊人,,,顶碗人(21),20,我要和乃琳结婚,30,
2022/5/21 22:01,143462206,月影凝霜晚,,,顶碗人(26),21,寄！,30,
2022/5/21 22:01,930827,晚性十足,,,顶碗人(24),20,好好好！！姑娘们加油,50,
2022/5/21 22:01,5932178,17岁女高中生panda,,,顶碗人(24),17,我的热爱无穷无尽！我爱你们所有人！,100,
2022/5/21 22:02,3278213,提拉kira,,,贝极星(27),21,我永远爱你们四个！一起走下去吧！！！！,100,
2022/5/21 22:02,150122434,和贝拉老婆亲亲,,,贝极星(24),12,谢谢你们，我爱你们,30,
2022/5/21 22:02,45189,乐园的厨师长,,,嘉心糖(26),21,回来了！！！！都回来了！！！！金色的雨！！！！,50,
2022/5/21 22:02,3874017,INNOMAGA,,,顶碗人(23),16,真棒！遇见你们真好！,30,
2022/5/21 22:02,584310212,打麻将真开心,,,奶淇琳(7),3,神中神！,30,
2022/5/21 22:02,34339343,枝江火警,,,嘉心糖(22),13,村子又回来了,30,
2022/5/21 22:02,12235630,゛薛定谔的喵,,,嘉心糖(28),22,大家嘉油！,100,
2022/5/21 22:02,30488,希德瑞利巴,,,顶碗人(22),14,神中神！无所不往！,100,
2022/5/21 22:02,21329357,库玛Higuma,,,顶碗人(24),12,好好好好好好，要一直一直走下去呀！！！,50,
2022/5/21 22:02,443691,nicknameless,,,顶碗人(6),11,好棒好棒好棒！！！,30,
2022/5/21 22:02,14253792,Boscov,,,奶淇琳(23),11,寄明月！,30,
2022/5/21 22:02,28420329,我就是阿楚啊,,,嘉心糖(24),15,姑娘们辛苦了，看的到你们的热爱和努力，你们无愧于偶像,50,
2022/5/21 22:02,57208288,胖胖的雷猴,,,顶碗人(1),1,乃贝最强！,30,
2022/5/21 22:02,7182005,亲亲乃宝,,,顶碗人(4),17,继续加油！,30,
2022/5/21 22:02,32486866,昵称只有一个字的铭,,,嘉心糖(26),16,今晚节目很好，加油！,100,
2022/5/21 22:02,12187020,我一直都是顶碗人啊,,,顶碗人(27),21,想起了2021春节的寄明月！ 真是梦开始的地方啊 无论如何我会一直陪着晚晚的！加油啊晚晚！,100,
2022/5/21 22:02,179118890,FADA5E,,,嘉心糖(24),13,A不灭！！！！！！！！！！！！！！！！！！！！,100,
2022/5/21 22:02,24866107,Lycori4,,,奶淇琳(23),20,令人感叹,33,
2022/5/21 22:02,84001936,兰德kira,,,顶碗人(21),13,以前的村子回来了,30,
2022/5/21 22:03,10927590,时间回忆归于0,,,奶淇琳(26),20,女团定律：四人团都一定会大火！我们as一定也可以,50,
2022/5/21 22:03,4281651,大饼夹一切在逃卷圈,,,奶淇琳(23),13,一心向前！,30,
2022/5/21 22:03,629687529,jhinsokon,,,嘉心糖(7),8,神回！！！神回！！！神回！！！神回！！！神回！！！神回！！！神回！！！神回！！！神回！！！神回！！！神回！！！神回！！！,100,
2022/5/21 22:03,46576044,陪乃琳长大捏,,,嘉心糖(21),20,神中神,50,
2022/5/21 22:03,57099038,流水东逝,,,顶碗人(11),10,永远爱你们！,30,
2022/5/21 22:03,5240968,neo_balabala,,,奶淇琳(21),12,姑娘们辛苦了～,30,
2022/5/21 22:03,12493575,是Au不是Au,,,奶淇琳(23),21,神中神,30,
2022/5/21 22:03,526120311,未来理子的绝美爱情,,,顶碗人(11),10,好好好好好好,50,
2022/5/21 22:03,5547191,枝江彩绘,,,顶碗人(26),24,神中神！,100,
2022/5/21 22:03,53962104,飞向晚晚的床,,,嘉心糖(3),10,奥利安费allin,30,
2022/5/21 22:03,36456969,六一柒Kira困,,,奶淇琳(21),11,永远喜欢你们！,52,
2022/5/21 22:03,11438046,shallowdreamTnT,,,御绫军(14),25,大家一起加油,100,
2022/5/21 22:03,238981,小然今天睡什么,,,嘉心糖(25),12,ASOUL时代，沸腾期待，我们一起去鸟巢！,100,
2022/5/21 22:03,3206739,陪嘉然吃遍大江南北,,,嘉心糖(23),20,神中神！爱你们！,30,
2022/5/21 22:03,24566370,寒溪雁度,,,顶碗人(22),11,兄弟们憋吵辣，姑娘们跳舞多辛苦啊,30,
2022/5/21 22:03,335136925,鲜花饼真好吃,,,嘉心糖(22),9,大哥在看吗 在看的话mua你一下,30,
2022/5/21 22:03,424541,everybackcr,,,嘉心糖(25),21,四人刚刚好！,50,
2022/5/21 22:04,35657801,七七七七七七二,,,嘉心糖(15),10,你就是奥利安费all in！以前的感觉回来了！,30,
2022/5/21 22:04,127130,Jolkaze,,,奶淇琳(23),27,神回！四位姑娘辛苦啦！,100,
2022/5/21 22:04,222641849,VJOKERZJX,,,顶碗人(25),21,一直支持你们！一直相信你们！一直爱你们！今天真的好开心,100,
2022/5/21 22:04,15233618,白日做梦游,,,贝极星(1),1,神回！谁赞成谁反对？,30,
2022/5/21 22:04,25092043,南淮旧梦-,,,猫诺(5),20,好好看直播最实际，最开心,30,
2022/5/21 22:04,1749744666,茨木ツバサ,,,顶碗人(3),2,晚安！姑娘们注意身体和嗓子好好休息！陪你们。,50,
2022/5/21 22:04,21943894,tryーeverything,,,奶淇琳(21),15,要一直走下去呀,50,
2022/5/21 22:05,1586773071,polaris_kira,,,贝极星(21),3,今天看得太开心了！神回！,30,
2022/5/21 22:06,2044813,雨在水无月的天空,,,贝极星(22),20,爱真的需要勇气,100,
2022/5/21 22:08,31319544,Ayarinn提不起勁,,,嘉心糖(27),38, ,30,
2022/5/21 22:08,1818172829,比你们更爱慧慧,,,顶碗人(22),6,沉香们别急,100,148秒后被删除
2022/5/21 22:09,95586,玖渚羽,,,嘉心糖(25),20,好棒好开心，好像回到了去年五月,50,
2022/5/21 22:09,497393797,慕慕慕青峰,,,嘉心糖(22),6,江湖虽远，吾道不孤（有你们）,100,
